{"stats":{"minecraft:killed":{"minecraft:zombie":1,"minecraft:cow":3},"minecraft:broken":{"minecraft:wooden_axe":1},"minecraft:used":{"minecraft:wooden_axe":50,"minecraft:stone_pickaxe":32,"minecraft:oak_planks":9,"minecraft:wooden_pickaxe":3,"minecraft:crafting_table":2,"minecraft:pumpkin":1},"minecraft:picked_up":{"minecraft:wooden_axe":1,"minecraft:stick":14,"minecraft:netherite_boots":1,"minecraft:crafting_table":2,"minecraft:pumpkin":1,"minecraft:leather":1,"minecraft:wooden_pickaxe":1,"minecraft:oak_log":49,"minecraft:netherite_leggings":1,"alexsmobs:animal_dictionary":1,"minecraft:diamond_chestplate":2,"minecraft:apple":2,"minecraft:netherite_helmet":1,"minecraft:diamond_leggings":1,"minecraft:diamond_boots":1,"minecraft:beef":7,"minecraft:netherite_chestplate":1,"minecraft:oak_sapling":23,"minecraft:oak_planks":7,"minecraft:cobblestone":38},"minecraft:dropped":{"minecraft:oak_log":6,"minecraft:diamond_chestplate":2,"alexsmobs:animal_dictionary":1,"minecraft:wooden_axe":1,"minecraft:netherite_chestplate":1,"minecraft:diamond_leggings":3,"minecraft:netherite_boots":2,"minecraft:netherite_helmet":2,"minecraft:oak_sapling":6,"minecraft:diamond_helmet":1,"minecraft:cobblestone":3,"minecraft:diamond_boots":1,"minecraft:wooden_pickaxe":1,"minecraft:netherite_leggings":1},"minecraft:mined":{"treechop:chopped_log":5,"minecraft:crafting_table":1,"minecraft:grass":2,"minecraft:oak_log":1,"minecraft:stone":35,"minecraft:oak_leaves":1},"minecraft:killed_by":{"minecraft:husk":1,"minecraft:player":1,"minecraft:creeper":1},"minecraft:custom":{"minecraft:time_since_rest":3164,"minecraft:sprint_one_cm":52892,"minecraft:damage_taken":8034,"minecraft:walk_one_cm":32726,"minecraft:mob_kills":4,"minecraft:drop":20,"minecraft:damage_dealt":1019,"minecraft:swim_one_cm":5703,"minecraft:interact_with_crafting_table":3,"minecraft:fly_one_cm":47129,"minecraft:player_kills":3,"minecraft:crouch_one_cm":415,"minecraft:play_time":16750,"minecraft:deaths":3,"minecraft:sneak_time":230,"minecraft:walk_under_water_one_cm":3745,"minecraft:jump":245,"minecraft:leave_game":2,"minecraft:time_since_death":3119,"minecraft:walk_on_water_one_cm":3505,"minecraft:total_world_time":16750,"minecraft:fall_one_cm":8051},"minecraft:crafted":{"minecraft:oak_planks":172,"minecraft:stick":4,"minecraft:wooden_pickaxe":1,"minecraft:stone_pickaxe":1,"minecraft:wooden_axe":1}},"DataVersion":3120}