{"stats":{"minecraft:killed":{"minecraft:zombie":1,"john_mod_reborn:feral_baby_john_1":2,"minecraft:cow":3},"minecraft:broken":{"minecraft:wooden_axe":1},"minecraft:used":{"minecraft:wooden_axe":50,"minecraft:apple":1,"minecraft:stone_pickaxe":38,"minecraft:oak_planks":32,"minecraft:wooden_pickaxe":3,"minecraft:diamond_sword":7,"minecraft:cobblestone":3,"minecraft:beef":3,"minecraft:crafting_table":2,"minecraft:oak_sapling":18,"minecraft:pumpkin":1},"minecraft:picked_up":{"minecraft:wooden_axe":1,"minecraft:stick":14,"minecraft:netherite_boots":1,"minecraft:crafting_table":3,"minecraft:pumpkin":1,"minecraft:leather":1,"minecraft:wooden_pickaxe":1,"minecraft:oak_log":49,"minecraft:netherite_leggings":1,"alexsmobs:animal_dictionary":1,"minecraft:arrow":1,"minecraft:diamond_chestplate":2,"minecraft:apple":2,"minecraft:netherite_helmet":1,"minecraft:diamond_leggings":1,"minecraft:diamond_boots":1,"minecraft:beef":7,"minecraft:netherite_chestplate":1,"minecraft:oak_sapling":42,"minecraft:oak_planks":11,"minecraft:cobblestone":38},"minecraft:dropped":{"minecraft:oak_log":6,"minecraft:diamond_chestplate":2,"alexsmobs:animal_dictionary":1,"minecraft:wooden_axe":1,"minecraft:netherite_chestplate":1,"minecraft:diamond_leggings":3,"minecraft:netherite_boots":2,"minecraft:netherite_helmet":2,"minecraft:oak_sapling":24,"minecraft:diamond_helmet":1,"minecraft:cobblestone":3,"minecraft:diamond_boots":1,"minecraft:wooden_pickaxe":1,"minecraft:netherite_leggings":1},"minecraft:mined":{"treechop:chopped_log":5,"minecraft:crafting_table":2,"minecraft:grass":2,"minecraft:oak_log":1,"minecraft:stone":35,"minecraft:oak_planks":4,"minecraft:oak_leaves":1},"minecraft:killed_by":{"minecraft:husk":1,"minecraft:player":4,"minecraft:skeleton":1,"minecraft:creeper":1},"minecraft:custom":{"minecraft:time_since_rest":2012,"minecraft:sprint_one_cm":97823,"minecraft:damage_taken":9436,"minecraft:walk_one_cm":59222,"minecraft:mob_kills":6,"minecraft:drop":21,"minecraft:damage_dealt":1445,"minecraft:swim_one_cm":7411,"minecraft:interact_with_crafting_table":3,"minecraft:fly_one_cm":91875,"minecraft:player_kills":4,"minecraft:crouch_one_cm":507,"minecraft:play_time":28750,"minecraft:deaths":7,"minecraft:sneak_time":350,"minecraft:walk_under_water_one_cm":6119,"minecraft:jump":479,"minecraft:leave_game":2,"minecraft:time_since_death":1976,"minecraft:walk_on_water_one_cm":6467,"minecraft:total_world_time":28750,"minecraft:fall_one_cm":15072},"minecraft:crafted":{"minecraft:oak_planks":172,"minecraft:stick":4,"minecraft:wooden_pickaxe":1,"minecraft:stone_pickaxe":1,"minecraft:wooden_axe":1}},"DataVersion":3120}