{"stats":{"minecraft:picked_up":{"minecraft:birch_log":1,"minecraft:crafting_table":1,"minecraft:wooden_pickaxe":1,"minecraft:oak_log":33,"minecraft:string":2,"minecraft:dirt":40,"minecraft:raw_copper":5,"minecraft:wooden_sword":1,"minecraft:bone":8,"minecraft:bow":1,"minecraft:raw_gold":3,"minecraft:wooden_shovel":1,"minecraft:egg":1,"minecraft:stick":4,"minecraft:raw_iron":13,"minecraft:blast_furnace":1,"minecraft:white_bed":1,"minecraft:arrow":5,"minecraft:rotten_flesh":6,"minecraft:coal":11,"minecraft:cobblestone":48},"minecraft:used":{"minecraft:wooden_pickaxe":2,"minecraft:shield":15,"minecraft:iron_sword":72,"minecraft:iron_chestplate":1,"minecraft:torch":3,"minecraft:dirt":12,"minecraft:crafting_table":2,"minecraft:wooden_axe":27,"minecraft:iron_axe":62,"minecraft:iron_pickaxe":52,"minecraft:iron_helmet":1,"minecraft:iron_boots":1,"minecraft:wooden_sword":3,"minecraft:cobblestone":23,"minecraft:egg":1,"minecraft:cooked_beef":13,"minecraft:iron_leggings":1},"minecraft:crafted":{"minecraft:oak_planks":32,"minecraft:crafting_table":2,"minecraft:iron_helmet":1,"minecraft:iron_sword":1,"minecraft:birch_planks":4,"minecraft:iron_boots":1,"minecraft:iron_chestplate":1,"minecraft:shield":1,"minecraft:iron_axe":1,"minecraft:stick":20,"minecraft:iron_pickaxe":1,"minecraft:wooden_axe":1,"minecraft:iron_leggings":1,"minecraft:torch":4},"minecraft:killed_by":{"minecraft:player":12,"minecraft:iron_golem":1},"minecraft:custom":{"minecraft:interact_with_furnace":4,"minecraft:mob_kills":15,"minecraft:interact_with_crafting_table":7,"minecraft:leave_game":1,"minecraft:time_since_death":4230,"minecraft:climb_one_cm":6792,"minecraft:time_since_rest":4258,"minecraft:sprint_one_cm":87726,"minecraft:damage_taken":5361,"minecraft:walk_one_cm":147194,"minecraft:damage_blocked_by_shield":1047,"minecraft:drop":25,"minecraft:damage_dealt":6062,"minecraft:fly_one_cm":175222,"minecraft:player_kills":14,"minecraft:open_chest":2,"minecraft:crouch_one_cm":2157,"minecraft:play_time":59297,"minecraft:deaths":16,"minecraft:sneak_time":1044,"minecraft:walk_under_water_one_cm":7170,"minecraft:jump":988,"minecraft:interact_with_blast_furnace":1,"minecraft:walk_on_water_one_cm":12814,"minecraft:total_world_time":59297,"minecraft:fall_one_cm":51307},"minecraft:killed":{"minecraft:zombie_villager":1,"minecraft:spider":1,"minecraft:skeleton":4,"minecraft:zombie":8},"minecraft:mined":{"minecraft:white_bed":1,"minecraft:crafting_table":1,"minecraft:blast_furnace":1,"minecraft:grass_block":9,"minecraft:tall_grass":3,"minecraft:copper_ore":2,"minecraft:cobblestone":4,"minecraft:birch_log":1,"minecraft:iron_ore":13,"minecraft:grass":10,"minecraft:oak_log":33,"minecraft:coal_ore":2,"minecraft:dirt":3,"minecraft:stone":25,"minecraft:gold_ore":3,"minecraft:oak_leaves":13},"minecraft:dropped":{"minecraft:iron_ingot":1,"minecraft:raw_copper":5,"minecraft:cobblestone":24,"minecraft:coal":10,"minecraft:stick":4,"minecraft:dirt":28,"minecraft:torch":1,"minecraft:wooden_shovel":1,"minecraft:wooden_sword":1,"minecraft:wooden_pickaxe":1,"minecraft:bone":2}},"DataVersion":3465}