{"stats":{"minecraft:mined":{"minecraft:oak_log":1,"minecraft:oak_leaves":1,"minecraft:crafting_table":1},"minecraft:crafted":{"minecraft:oak_planks":68,"minecraft:stick":4,"minecraft:wooden_axe":1},"minecraft:picked_up":{"minecraft:wooden_axe":1,"minecraft:crafting_table":2,"minecraft:stick":7,"minecraft:oak_log":17,"minecraft:oak_sapling":2,"minecraft:oak_planks":7,"alexsmobs:animal_dictionary":1},"minecraft:used":{"minecraft:wooden_axe":7,"minecraft:crafting_table":1},"minecraft:custom":{"minecraft:time_since_rest":4347,"minecraft:crouch_one_cm":56,"minecraft:play_time":4347,"minecraft:sprint_one_cm":9606,"minecraft:damage_taken":156,"minecraft:walk_one_cm":4570,"minecraft:sneak_time":87,"minecraft:walk_under_water_one_cm":1810,"minecraft:jump":50,"minecraft:damage_dealt":247,"minecraft:time_since_death":4347,"minecraft:walk_on_water_one_cm":2135,"minecraft:total_world_time":4347,"minecraft:swim_one_cm":4205,"minecraft:interact_with_crafting_table":1,"minecraft:fall_one_cm":1438,"minecraft:fly_one_cm":9772,"minecraft:player_kills":1}},"DataVersion":3120}