{"stats":{"minecraft:dropped":{"minecraft:oak_log":6,"alexsmobs:animal_dictionary":1,"minecraft:diamond_leggings":3,"minecraft:netherite_helmet":2,"minecraft:netherite_chestplate":1,"minecraft:cobblestone":3,"minecraft:netherite_leggings":1,"minecraft:diamond_chestplate":2,"minecraft:wooden_axe":1,"minecraft:oak_sapling":24,"minecraft:netherite_boots":2,"minecraft:diamond_helmet":1,"minecraft:diamond_boots":1,"minecraft:wooden_pickaxe":1,"sophisticatedbackpacks:compacting_upgrade":1,"minecraft:birch_log":2},"minecraft:killed":{"minecraft:wolf":2,"minecraft:cave_spider":4,"whispering_spirits:whispering_spirit":3,"minecraft:cod":2,"john_mod_reborn:sprinting_john":1,"minecraft:zombie":1,"minecraft:chicken":2,"alexsmobs:fly":2,"john_mod_reborn:feral_baby_john_1":2,"minecraft:cow":3},"minecraft:custom":{"minecraft:mob_kills":22,"minecraft:interact_with_crafting_table":5,"minecraft:leave_game":7,"minecraft:time_since_death":3565,"minecraft:sleep_in_bed":1,"minecraft:time_since_rest":3675,"minecraft:sprint_one_cm":226730,"minecraft:damage_taken":11341,"minecraft:walk_one_cm":150504,"minecraft:drop":24,"minecraft:minecart_one_cm":18648,"minecraft:damage_dealt":2707,"minecraft:player_kills":4,"minecraft:swim_one_cm":16177,"minecraft:fly_one_cm":135977,"minecraft:open_chest":2,"minecraft:crouch_one_cm":2273,"minecraft:play_time":95739,"minecraft:deaths":13,"minecraft:sneak_time":1228,"minecraft:walk_under_water_one_cm":10129,"minecraft:jump":800,"minecraft:walk_on_water_one_cm":10081,"minecraft:total_world_time":95739,"minecraft:fall_one_cm":19827},"minecraft:crafted":{"minecraft:oak_planks":172,"minecraft:wooden_pickaxe":1,"minecraft:stick":4,"minecraft:stone_pickaxe":1,"minecraft:wooden_axe":1,"minecraft:stone_sword":1},"minecraft:mined":{"minecraft:tuff":2,"minecraft:crafting_table":2,"minecraft:torch":2,"minecraft:grass_block":1,"minecraft:oak_planks":4,"minecraft:wall_torch":5,"minecraft:spawner":1,"minecraft:raw_iron_block":1,"minecraft:cobbled_deepslate":4,"treechop:chopped_log":5,"minecraft:grass":7,"minecraft:oak_log":1,"minecraft:deepslate_iron_ore":26,"minecraft:dirt":1,"minecraft:cobweb":2,"minecraft:stone":35,"minecraft:white_wool":2,"minecraft:oak_leaves":1,"minecraft:deepslate":17},"minecraft:used":{"mutationcraft:parasitic_bomber_spawn_egg":1,"minecraft:stone_sword":45,"whispering_spirits:whispering_spirit_spawn_egg":3,"cave_dweller:cave_dweller_spawn_egg":2,"minecraft:stone_pickaxe":86,"minecraft:oak_planks":32,"minecraft:wooden_pickaxe":3,"minecraft:stone":27,"securitycraft:claymore":1,"john_mod_reborn:john_spawn_egg":1,"comforts:hammock_white":1,"securitycraft:ims":1,"minecraft:white_wool":3,"minecraft:torch":13,"man:manfromthefog_spawn_egg":1,"minecraft:rail":43,"minecraft:dirt":31,"minecraft:mutton":1,"minecraft:crafting_table":2,"the_one_who_watches:toww_delusion_spawn_egg":2,"minecraft:oak_log":7,"the_one_who_watches:toww_stare_spawn_egg":1,"minecraft:wooden_axe":50,"minecraft:diamond_pickaxe":5,"minecraft:apple":2,"the_one_who_watches:toww_hallucination_spawn_egg":1,"minecraft:chicken":2,"minecraft:bread":6,"minecraft:grass_block":3,"man:manfromthefogback_spawn_egg":1,"mcwfences:birch_wired_fence":6,"the_silence:la_cosa_real_spawn_egg":1,"mcwfences:iron_cheval_de_frise":7,"comforts:rope_and_nail":5,"minecraft:diamond_sword":9,"the_silence:the_silence_principal_spawn_egg":1,"minecraft:cobblestone":3,"minecraft:beef":7,"john_mod_reborn:mega_john_spawn_egg":1,"minecraft:oak_sapling":18,"minecraft:minecart":4,"mutationcraft:hazmat_flamethrower_spawn_egg":1,"comforts:sleeping_bag_white":2,"minecraft:cobbled_deepslate":20,"minecraft:pumpkin":1},"minecraft:picked_up":{"minecraft:wooden_axe":1,"minecraft:birch_log":2,"minecraft:netherite_boots":1,"minecraft:crafting_table":3,"minecraft:feather":2,"minecraft:chicken":2,"minecraft:leather":1,"minecraft:wooden_pickaxe":1,"minecraft:tuff":2,"sophisticatedbackpacks:compacting_upgrade":1,"minecraft:oak_log":49,"minecraft:netherite_leggings":1,"minecraft:dirt":15,"minecraft:string":8,"comforts:rope_and_nail":1,"minecraft:apple":2,"minecraft:diamond_leggings":1,"minecraft:cobbled_deepslate":21,"comforts:sleeping_bag_white":1,"minecraft:beef":7,"minecraft:oak_planks":11,"minecraft:stick":14,"minecraft:raw_iron":26,"minecraft:pumpkin":1,"minecraft:torch":7,"minecraft:raw_iron_block":1,"minecraft:spider_eye":4,"alexsmobs:animal_dictionary":1,"minecraft:arrow":1,"minecraft:diamond_chestplate":2,"minecraft:netherite_helmet":1,"minecraft:diamond_boots":1,"minecraft:netherite_chestplate":1,"minecraft:oak_sapling":42,"minecraft:mutton":2,"minecraft:white_wool":4,"minecraft:cobblestone":38},"minecraft:killed_by":{"minecraft:husk":1,"the_silence:the_silence_principal":1,"minecraft:player":5,"minecraft:skeleton":1,"minecraft:creeper":1,"cave_dweller:cave_dweller":3},"minecraft:broken":{"minecraft:wooden_axe":1}},"DataVersion":3120}