{"stats":{"minecraft:picked_up":{"minecraft:birch_log":1,"minecraft:crafting_table":1,"minecraft:wooden_pickaxe":1,"minecraft:oak_log":33,"minecraft:string":2,"minecraft:dirt":46,"minecraft:raw_copper":5,"minecraft:wooden_sword":1,"minecraft:bone":8,"minecraft:bow":1,"minecraft:raw_gold":3,"minecraft:wooden_shovel":1,"minecraft:egg":1,"minecraft:stick":4,"minecraft:raw_iron":13,"minecraft:blast_furnace":1,"minecraft:white_bed":3,"minecraft:arrow":5,"minecraft:rotten_flesh":12,"minecraft:coal":11,"minecraft:cobblestone":62},"minecraft:used":{"minecraft:wooden_pickaxe":2,"minecraft:shield":16,"minecraft:iron_sword":94,"minecraft:iron_chestplate":1,"minecraft:torch":3,"minecraft:dirt":18,"minecraft:crafting_table":2,"minecraft:white_bed":1,"minecraft:wooden_axe":27,"minecraft:apple":2,"minecraft:iron_axe":68,"minecraft:iron_pickaxe":66,"minecraft:iron_helmet":1,"minecraft:iron_boots":1,"minecraft:wooden_sword":3,"minecraft:cobblestone":35,"minecraft:egg":1,"minecraft:cooked_beef":18,"minecraft:iron_leggings":1},"minecraft:crafted":{"minecraft:oak_planks":32,"minecraft:crafting_table":2,"minecraft:iron_helmet":1,"minecraft:iron_sword":1,"minecraft:birch_planks":4,"minecraft:iron_boots":1,"minecraft:iron_chestplate":1,"minecraft:shield":1,"minecraft:iron_axe":1,"minecraft:stick":20,"minecraft:iron_pickaxe":1,"minecraft:wooden_axe":1,"minecraft:iron_leggings":1,"minecraft:torch":4},"minecraft:killed_by":{"minecraft:player":13,"minecraft:iron_golem":1},"minecraft:custom":{"minecraft:interact_with_furnace":4,"minecraft:mob_kills":18,"minecraft:interact_with_crafting_table":7,"minecraft:leave_game":1,"minecraft:time_since_death":6694,"minecraft:sleep_in_bed":1,"minecraft:climb_one_cm":10240,"minecraft:time_since_rest":6719,"minecraft:sprint_one_cm":114468,"minecraft:damage_taken":6557,"minecraft:walk_one_cm":183224,"minecraft:damage_blocked_by_shield":1123,"minecraft:drop":35,"minecraft:damage_dealt":7137,"minecraft:talked_to_villager":1,"minecraft:swim_one_cm":550,"minecraft:fly_one_cm":214618,"minecraft:player_kills":16,"minecraft:open_chest":8,"minecraft:crouch_one_cm":2777,"minecraft:play_time":71297,"minecraft:deaths":18,"minecraft:sneak_time":1600,"minecraft:walk_under_water_one_cm":10253,"minecraft:jump":1366,"minecraft:interact_with_blast_furnace":1,"minecraft:walk_on_water_one_cm":13894,"minecraft:total_world_time":71297,"minecraft:fall_one_cm":70619},"minecraft:killed":{"minecraft:zombie_villager":1,"minecraft:spider":2,"minecraft:skeleton":4,"minecraft:zombie":10},"minecraft:mined":{"minecraft:white_bed":3,"minecraft:crafting_table":1,"minecraft:blast_furnace":1,"minecraft:grass_block":12,"minecraft:tall_grass":3,"minecraft:copper_ore":2,"minecraft:cobblestone":6,"minecraft:birch_log":1,"minecraft:iron_ore":13,"minecraft:grass":12,"minecraft:oak_log":33,"minecraft:coal_ore":2,"minecraft:dirt":6,"minecraft:stone":37,"minecraft:gold_ore":3,"minecraft:oak_leaves":13},"minecraft:dropped":{"minecraft:iron_ingot":16,"minecraft:raw_copper":5,"minecraft:raw_iron":13,"minecraft:rotten_flesh":12,"minecraft:cobblestone":24,"minecraft:white_bed":1,"minecraft:coal":10,"minecraft:stick":4,"minecraft:dirt":28,"minecraft:torch":1,"minecraft:wooden_shovel":1,"minecraft:wooden_sword":1,"minecraft:wooden_pickaxe":1,"minecraft:bone":2}},"DataVersion":3465}