{"stats":{"minecraft:broken":{"minecraft:wooden_axe":1},"minecraft:killed":{"minecraft:wolf":2,"minecraft:cod":2,"minecraft:zombie":1,"minecraft:chicken":2,"alexsmobs:fly":2,"john_mod_reborn:feral_baby_john_1":2,"minecraft:cow":3},"minecraft:used":{"minecraft:stone_sword":21,"minecraft:stone_pickaxe":38,"minecraft:oak_planks":32,"minecraft:wooden_pickaxe":3,"minecraft:white_wool":3,"minecraft:rail":43,"minecraft:dirt":13,"minecraft:mutton":1,"minecraft:crafting_table":2,"minecraft:wooden_axe":50,"minecraft:apple":1,"minecraft:grass_block":2,"minecraft:chicken":2,"minecraft:diamond_sword":7,"minecraft:cobblestone":3,"minecraft:beef":3,"minecraft:oak_sapling":18,"minecraft:minecart":4,"minecraft:pumpkin":1},"minecraft:picked_up":{"minecraft:wooden_axe":1,"minecraft:birch_log":2,"minecraft:netherite_boots":1,"minecraft:crafting_table":3,"minecraft:feather":2,"minecraft:chicken":2,"minecraft:leather":1,"minecraft:wooden_pickaxe":1,"minecraft:oak_log":49,"minecraft:netherite_leggings":1,"minecraft:dirt":13,"minecraft:apple":2,"minecraft:diamond_leggings":1,"minecraft:beef":7,"minecraft:oak_planks":11,"minecraft:stick":14,"minecraft:pumpkin":1,"alexsmobs:animal_dictionary":1,"minecraft:arrow":1,"minecraft:diamond_chestplate":2,"minecraft:netherite_helmet":1,"minecraft:diamond_boots":1,"minecraft:netherite_chestplate":1,"minecraft:oak_sapling":42,"minecraft:mutton":1,"minecraft:white_wool":3,"minecraft:cobblestone":38},"minecraft:dropped":{"minecraft:oak_log":6,"alexsmobs:animal_dictionary":1,"minecraft:diamond_leggings":3,"minecraft:netherite_helmet":2,"minecraft:netherite_chestplate":1,"minecraft:cobblestone":3,"minecraft:netherite_leggings":1,"minecraft:diamond_chestplate":2,"minecraft:wooden_axe":1,"minecraft:oak_sapling":24,"minecraft:netherite_boots":2,"minecraft:diamond_helmet":1,"minecraft:diamond_boots":1,"minecraft:wooden_pickaxe":1,"minecraft:birch_log":2},"minecraft:mined":{"minecraft:crafting_table":2,"minecraft:oak_planks":4,"treechop:chopped_log":5,"minecraft:grass":7,"minecraft:oak_log":1,"minecraft:stone":35,"minecraft:white_wool":2,"minecraft:oak_leaves":1},"minecraft:killed_by":{"minecraft:husk":1,"minecraft:player":5,"minecraft:skeleton":1,"minecraft:creeper":1},"minecraft:custom":{"minecraft:mob_kills":14,"minecraft:interact_with_crafting_table":5,"minecraft:leave_game":2,"minecraft:time_since_death":5557,"minecraft:time_since_rest":5586,"minecraft:sprint_one_cm":134088,"minecraft:damage_taken":9751,"minecraft:walk_one_cm":83058,"minecraft:drop":23,"minecraft:minecart_one_cm":17937,"minecraft:damage_dealt":1867,"minecraft:swim_one_cm":16177,"minecraft:fly_one_cm":115621,"minecraft:player_kills":4,"minecraft:crouch_one_cm":757,"minecraft:play_time":40750,"minecraft:deaths":9,"minecraft:sneak_time":383,"minecraft:walk_under_water_one_cm":10129,"minecraft:jump":676,"minecraft:walk_on_water_one_cm":8268,"minecraft:total_world_time":40750,"minecraft:fall_one_cm":19261},"minecraft:crafted":{"minecraft:oak_planks":172,"minecraft:wooden_pickaxe":1,"minecraft:stick":4,"minecraft:stone_pickaxe":1,"minecraft:wooden_axe":1,"minecraft:stone_sword":1}},"DataVersion":3120}