{"stats":{"minecraft:mined":{"minecraft:oak_log":5,"minecraft:oak_sapling":1,"minecraft:birch_leaves":3,"treechop:chopped_log":7,"minecraft:crafting_table":1},"minecraft:crafted":{"minecraft:oak_planks":40,"minecraft:crafting_table":1,"minecraft:stick":4,"minecraft:wooden_axe":1},"minecraft:picked_up":{"minecraft:crafting_table":1,"minecraft:stick":6,"minecraft:apple":1,"minecraft:oak_log":30,"minecraft:oak_sapling":14,"minecraft:birch_sapling":2},"minecraft:used":{"minecraft:wooden_axe":17,"minecraft:crafting_table":1,"minecraft:oak_sapling":11,"minecraft:birch_sapling":2,"alexsmobs:animal_dictionary":1},"minecraft:killed_by":{"minecraft:player":1},"minecraft:custom":{"minecraft:time_since_rest":2137,"minecraft:crouch_one_cm":794,"minecraft:damage_taken":275,"minecraft:play_time":4727,"minecraft:sprint_one_cm":6579,"minecraft:deaths":1,"minecraft:walk_one_cm":6981,"minecraft:sneak_time":613,"minecraft:walk_under_water_one_cm":1481,"minecraft:jump":44,"minecraft:damage_dealt":146,"minecraft:leave_game":1,"minecraft:time_since_death":2113,"minecraft:walk_on_water_one_cm":1534,"minecraft:total_world_time":4727,"minecraft:swim_one_cm":1597,"minecraft:interact_with_crafting_table":1,"minecraft:fall_one_cm":1047,"minecraft:fly_one_cm":8361}},"DataVersion":3120}