{"stats":{"minecraft:broken":{"twilightforest:glass_sword":2},"minecraft:killed":{"minecraft:skeleton":2,"alexsmobs:lobster":1,"minecraft:zombie":2,"alexsmobs:terrapin":1,"minecraft:chicken":3,"minecraft:drowned":1,"minecraft:cow":2},"minecraft:used":{"minecraft:wooden_axe":46,"minecraft:stone_sword":28,"minecraft:birch_sapling":3,"minecraft:oak_planks":18,"twilightforest:glass_sword":2,"minecraft:wooden_pickaxe":41,"minecraft:cooked_chicken":2,"minecraft:stone_axe":14,"minecraft:dirt":2,"minecraft:crafting_table":4,"minecraft:furnace":1,"minecraft:oak_sapling":19,"alexsmobs:animal_dictionary":1,"minecraft:cooked_beef":2},"minecraft:picked_up":{"minecraft:wooden_axe":1,"minecraft:stick":10,"minecraft:crafting_table":3,"minecraft:feather":4,"minecraft:chicken":2,"minecraft:oak_log":48,"alexsmobs:animal_dictionary":1,"minecraft:dirt":6,"minecraft:rotten_flesh":2,"john_mod_reborn:freed_spirit":1,"minecraft:stone_sword":1,"minecraft:arrow":1,"minecraft:apple":2,"minecraft:beef":3,"minecraft:oak_sapling":26,"minecraft:oak_planks":9,"minecraft:birch_sapling":3,"minecraft:cobblestone":40,"minecraft:egg":1},"minecraft:dropped":{"minecraft:stone_sword":1,"minecraft:oak_sapling":6},"minecraft:mined":{"minecraft:oak_sapling":2,"minecraft:birch_leaves":3,"treechop:chopped_log":9,"minecraft:crafting_table":3,"minecraft:grass":2,"minecraft:grass_block":3,"minecraft:oak_log":6,"minecraft:dirt":3,"minecraft:tall_grass":1,"minecraft:stone":40,"minecraft:oak_planks":9,"minecraft:oak_leaves":1},"minecraft:killed_by":{"minecraft:husk":1,"minecraft:player":4,"minecraft:skeleton":1},"minecraft:custom":{"minecraft:time_since_rest":2513,"minecraft:interact_with_furnace":8,"minecraft:sprint_one_cm":35013,"minecraft:damage_taken":9313,"minecraft:walk_one_cm":57723,"minecraft:mob_kills":13,"minecraft:drop":7,"minecraft:damage_dealt":2669,"minecraft:swim_one_cm":4526,"minecraft:interact_with_crafting_table":11,"minecraft:fly_one_cm":37142,"minecraft:player_kills":4,"minecraft:crouch_one_cm":6315,"minecraft:play_time":24341,"minecraft:deaths":6,"minecraft:sneak_time":2569,"minecraft:walk_under_water_one_cm":7961,"minecraft:jump":303,"minecraft:leave_game":7,"minecraft:time_since_death":2490,"minecraft:walk_on_water_one_cm":9617,"minecraft:total_world_time":24341,"minecraft:fall_one_cm":8182},"minecraft:crafted":{"minecraft:cooked_beef":2,"minecraft:oak_planks":132,"minecraft:crafting_table":2,"minecraft:cooked_chicken":2,"minecraft:stick":8,"minecraft:wooden_pickaxe":1,"minecraft:stone_pickaxe":1,"minecraft:wooden_axe":2,"minecraft:stone_sword":1,"minecraft:furnace":1,"minecraft:stone_axe":1,"minecraft:air":0}},"DataVersion":3120}