{"stats":{"minecraft:picked_up":{"minecraft:wooden_axe":1,"minecraft:stripped_oak_log":1,"minecraft:crafting_table":3,"minecraft:feather":2,"minecraft:chicken":2,"minecraft:salmon":14,"minecraft:wooden_pickaxe":1,"minecraft:oak_log":27,"minecraft:dirt":124,"minecraft:raw_copper":31,"minecraft:wooden_sword":1,"minecraft:bone":5,"minecraft:bow":2,"minecraft:iron_ingot":17,"minecraft:rose_bush":2,"minecraft:wooden_shovel":1,"minecraft:melon_slice":56,"minecraft:oak_planks":51,"minecraft:stick":7,"minecraft:raw_iron":22,"minecraft:torch":8,"minecraft:white_bed":1,"minecraft:grass_block":1,"minecraft:arrow":7,"minecraft:rotten_flesh":21,"minecraft:granite":1,"minecraft:oak_sapling":3,"minecraft:coal":23,"minecraft:cobblestone":121,"minecraft:ender_pearl":1},"minecraft:used":{"minecraft:stone_sword":133,"minecraft:stone_pickaxe":61,"minecraft:wooden_pickaxe":49,"minecraft:chest":1,"minecraft:shield":24,"minecraft:iron_sword":3,"minecraft:wooden_shovel":39,"minecraft:rotten_flesh":6,"minecraft:torch":6,"minecraft:dirt":95,"minecraft:crafting_table":4,"minecraft:granite":1,"minecraft:oak_log":1,"minecraft:wooden_axe":22,"minecraft:grass_block":1,"minecraft:melon_slice":11,"minecraft:iron_pickaxe":6,"minecraft:stone_axe":73,"minecraft:wooden_sword":20,"minecraft:cobblestone":26,"minecraft:bow":7,"minecraft:furnace":1,"minecraft:oak_sapling":2},"minecraft:crafted":{"minecraft:wooden_sword":1,"minecraft:oak_planks":108,"minecraft:wooden_shovel":1,"minecraft:crafting_table":2,"minecraft:wooden_pickaxe":1,"minecraft:iron_helmet":1,"minecraft:cooked_chicken":2,"minecraft:iron_sword":1,"minecraft:furnace":1,"minecraft:cooked_salmon":14,"minecraft:stone_axe":1,"minecraft:air":0,"minecraft:iron_chestplate":1,"minecraft:iron_boots":1,"minecraft:shield":1,"minecraft:iron_axe":1,"minecraft:stick":16,"minecraft:iron_ingot":22,"minecraft:iron_pickaxe":1,"minecraft:stone_pickaxe":1,"minecraft:wooden_axe":1,"minecraft:stone_sword":1,"minecraft:chest":1,"minecraft:iron_leggings":1},"minecraft:killed_by":{"minecraft:player":16,"minecraft:skeleton":2,"minecraft:creeper":1,"minecraft:zombie":2},"minecraft:broken":{"minecraft:stone_sword":1},"minecraft:custom":{"minecraft:interact_with_furnace":36,"minecraft:mob_kills":42,"minecraft:interact_with_crafting_table":31,"minecraft:leave_game":4,"minecraft:time_since_death":457,"minecraft:climb_one_cm":3782,"minecraft:time_since_rest":480,"minecraft:sprint_one_cm":77726,"minecraft:damage_taken":6851,"minecraft:walk_one_cm":151170,"minecraft:damage_blocked_by_shield":909,"minecraft:drop":2,"minecraft:damage_dealt":8361,"minecraft:swim_one_cm":6496,"minecraft:fly_one_cm":98979,"minecraft:player_kills":13,"minecraft:open_chest":13,"minecraft:crouch_one_cm":7450,"minecraft:play_time":58092,"minecraft:deaths":23,"minecraft:sneak_time":5205,"minecraft:walk_under_water_one_cm":13424,"minecraft:jump":1233,"minecraft:walk_on_water_one_cm":30915,"minecraft:total_world_time":58092,"minecraft:fall_one_cm":58021},"minecraft:killed":{"minecraft:salmon":16,"minecraft:skeleton":7,"minecraft:zombie":16,"minecraft:chicken":2,"minecraft:enderman":1},"minecraft:dropped":{"minecraft:rotten_flesh":9,"minecraft:coal":11},"minecraft:mined":{"minecraft:crafting_table":2,"minecraft:torch":4,"minecraft:grass_block":23,"minecraft:melon":11,"minecraft:rose_bush":1,"minecraft:copper_ore":10,"minecraft:cobblestone":1,"minecraft:wall_torch":2,"minecraft:seagrass":1,"minecraft:tall_seagrass":1,"minecraft:iron_ore":8,"minecraft:birch_leaves":1,"minecraft:oak_log":25,"minecraft:coal_ore":10,"minecraft:dirt":27,"minecraft:stripped_oak_log":1,"minecraft:stone":80,"minecraft:oak_leaves":2,"minecraft:fern":1}},"DataVersion":3465}