{"stats":{"minecraft:broken":{"twilightforest:glass_sword":2},"minecraft:killed":{"john_mod_reborn:baby_john":1,"alexsmobs:lobster":1,"minecraft:skeleton":2,"minecraft:zombie":2,"alexsmobs:terrapin":1,"minecraft:chicken":3,"minecraft:drowned":1,"john_mod_reborn:feral_baby_john_1":1,"minecraft:cow":2},"minecraft:used":{"minecraft:stone_sword":41,"minecraft:stone_shovel":27,"minecraft:oak_planks":18,"twilightforest:glass_sword":2,"minecraft:wooden_pickaxe":41,"minecraft:cooked_chicken":2,"minecraft:dirt":2,"minecraft:crafting_table":4,"minecraft:wooden_axe":46,"minecraft:apple":2,"minecraft:birch_sapling":5,"minecraft:stone_axe":67,"minecraft:oak_sapling":29,"minecraft:furnace":1,"alexsmobs:animal_dictionary":1,"minecraft:cooked_beef":2},"minecraft:picked_up":{"minecraft:wooden_axe":1,"minecraft:birch_log":18,"minecraft:crafting_table":3,"minecraft:feather":4,"minecraft:chicken":2,"minecraft:oak_log":82,"minecraft:dirt":42,"john_mod_reborn:freed_spirit":1,"minecraft:apple":6,"minecraft:wheat_seeds":1,"minecraft:beef":3,"minecraft:birch_sapling":8,"minecraft:oak_planks":9,"minecraft:egg":1,"minecraft:stick":36,"alexsmobs:animal_dictionary":1,"minecraft:stone_sword":1,"minecraft:arrow":1,"minecraft:rotten_flesh":4,"minecraft:oak_sapling":45,"minecraft:cobblestone":40},"minecraft:dropped":{"minecraft:stone_sword":1,"minecraft:oak_sapling":6},"minecraft:mined":{"minecraft:oak_sapling":2,"minecraft:crafting_table":3,"minecraft:grass_block":30,"minecraft:tall_grass":1,"minecraft:oak_planks":9,"minecraft:birch_log":2,"minecraft:birch_leaves":3,"treechop:chopped_log":17,"minecraft:grass":2,"minecraft:oak_log":6,"minecraft:dirt":12,"minecraft:stone":40,"minecraft:oak_leaves":1},"minecraft:killed_by":{"minecraft:husk":1,"minecraft:player":4,"minecraft:skeleton":1},"minecraft:custom":{"minecraft:interact_with_furnace":8,"minecraft:mob_kills":15,"minecraft:interact_with_crafting_table":12,"minecraft:leave_game":8,"minecraft:time_since_death":8636,"minecraft:time_since_rest":8659,"minecraft:sprint_one_cm":46530,"minecraft:damage_taken":9465,"minecraft:walk_one_cm":86242,"minecraft:drop":7,"minecraft:damage_dealt":3308,"minecraft:swim_one_cm":4526,"minecraft:player_kills":5,"minecraft:fly_one_cm":45221,"minecraft:crouch_one_cm":6909,"minecraft:play_time":30487,"minecraft:deaths":6,"minecraft:sneak_time":3130,"minecraft:walk_under_water_one_cm":8663,"minecraft:jump":393,"minecraft:walk_on_water_one_cm":9888,"minecraft:total_world_time":30487,"minecraft:fall_one_cm":10274},"minecraft:crafted":{"minecraft:cooked_beef":2,"minecraft:oak_planks":148,"minecraft:stone_shovel":1,"minecraft:crafting_table":2,"minecraft:wooden_pickaxe":1,"minecraft:cooked_chicken":2,"minecraft:furnace":1,"minecraft:stone_axe":1,"minecraft:air":0,"minecraft:stick":8,"minecraft:stone_pickaxe":1,"minecraft:wooden_axe":2,"minecraft:stone_sword":1}},"DataVersion":3120}