{"stats":{"minecraft:picked_up":{"minecraft:wooden_axe":1,"minecraft:stripped_oak_log":1,"minecraft:crafting_table":3,"minecraft:feather":2,"minecraft:chicken":2,"minecraft:salmon":14,"minecraft:wooden_pickaxe":1,"minecraft:oak_log":27,"minecraft:dirt":119,"minecraft:raw_copper":31,"minecraft:wooden_sword":1,"minecraft:bone":5,"minecraft:bow":2,"minecraft:iron_ingot":2,"minecraft:rose_bush":2,"minecraft:wooden_shovel":1,"minecraft:melon_slice":56,"minecraft:oak_planks":51,"minecraft:stick":7,"minecraft:raw_iron":7,"minecraft:torch":3,"minecraft:arrow":7,"minecraft:rotten_flesh":13,"minecraft:oak_sapling":3,"minecraft:coal":21,"minecraft:cobblestone":113},"minecraft:used":{"minecraft:stone_sword":133,"minecraft:stone_pickaxe":61,"minecraft:wooden_pickaxe":49,"minecraft:chest":1,"minecraft:shield":23,"minecraft:wooden_shovel":39,"minecraft:rotten_flesh":1,"minecraft:torch":2,"minecraft:dirt":90,"minecraft:crafting_table":4,"minecraft:oak_log":1,"minecraft:wooden_axe":22,"minecraft:melon_slice":6,"minecraft:stone_axe":58,"minecraft:wooden_sword":20,"minecraft:cobblestone":26,"minecraft:bow":5,"minecraft:furnace":1,"minecraft:oak_sapling":2},"minecraft:crafted":{"minecraft:wooden_sword":1,"minecraft:oak_planks":108,"minecraft:wooden_shovel":1,"minecraft:crafting_table":2,"minecraft:wooden_pickaxe":1,"minecraft:iron_helmet":1,"minecraft:cooked_chicken":2,"minecraft:furnace":1,"minecraft:cooked_salmon":14,"minecraft:stone_axe":1,"minecraft:air":0,"minecraft:shield":1,"minecraft:stick":12,"minecraft:iron_ingot":7,"minecraft:iron_pickaxe":1,"minecraft:stone_pickaxe":1,"minecraft:wooden_axe":1,"minecraft:stone_sword":1,"minecraft:chest":1},"minecraft:killed_by":{"minecraft:player":14,"minecraft:skeleton":2,"minecraft:creeper":1,"minecraft:zombie":2},"minecraft:broken":{"minecraft:stone_sword":1},"minecraft:custom":{"minecraft:interact_with_furnace":17,"minecraft:mob_kills":40,"minecraft:interact_with_crafting_table":24,"minecraft:leave_game":4,"minecraft:time_since_death":965,"minecraft:climb_one_cm":1682,"minecraft:time_since_rest":989,"minecraft:sprint_one_cm":63675,"minecraft:damage_taken":6142,"minecraft:walk_one_cm":125738,"minecraft:damage_blocked_by_shield":899,"minecraft:drop":1,"minecraft:damage_dealt":7771,"minecraft:swim_one_cm":6496,"minecraft:fly_one_cm":85447,"minecraft:player_kills":12,"minecraft:open_chest":6,"minecraft:crouch_one_cm":7317,"minecraft:play_time":46092,"minecraft:deaths":21,"minecraft:sneak_time":4991,"minecraft:walk_under_water_one_cm":10518,"minecraft:jump":1018,"minecraft:walk_on_water_one_cm":27808,"minecraft:total_world_time":46092,"minecraft:fall_one_cm":50049},"minecraft:killed":{"minecraft:salmon":16,"minecraft:skeleton":7,"minecraft:zombie":15,"minecraft:chicken":2},"minecraft:dropped":{"minecraft:coal":11},"minecraft:mined":{"minecraft:crafting_table":2,"minecraft:torch":1,"minecraft:grass_block":22,"minecraft:melon":11,"minecraft:rose_bush":1,"minecraft:copper_ore":10,"minecraft:cobblestone":1,"minecraft:wall_torch":1,"minecraft:seagrass":1,"minecraft:tall_seagrass":1,"minecraft:iron_ore":7,"minecraft:birch_leaves":1,"minecraft:oak_log":25,"minecraft:coal_ore":9,"minecraft:dirt":22,"minecraft:stripped_oak_log":1,"minecraft:stone":79,"minecraft:oak_leaves":2,"minecraft:fern":1}},"DataVersion":3465}