{"stats":{"minecraft:killed":{"minecraft:zombie":1,"alexsmobs:terrapin":1,"minecraft:chicken":2,"minecraft:cow":2},"minecraft:used":{"minecraft:wooden_axe":33,"minecraft:birch_sapling":3,"minecraft:wooden_pickaxe":41,"minecraft:dirt":2,"minecraft:crafting_table":4,"minecraft:oak_sapling":16,"alexsmobs:animal_dictionary":1},"minecraft:picked_up":{"minecraft:wooden_axe":1,"minecraft:stick":9,"minecraft:crafting_table":3,"minecraft:feather":4,"minecraft:chicken":2,"minecraft:oak_log":36,"alexsmobs:animal_dictionary":1,"minecraft:dirt":4,"minecraft:apple":1,"minecraft:beef":3,"minecraft:oak_sapling":23,"minecraft:birch_sapling":3,"minecraft:cobblestone":40},"minecraft:dropped":{"minecraft:oak_sapling":6},"minecraft:mined":{"minecraft:oak_sapling":2,"minecraft:birch_leaves":3,"treechop:chopped_log":7,"minecraft:crafting_table":3,"minecraft:grass":1,"minecraft:grass_block":3,"minecraft:oak_log":5,"minecraft:dirt":1,"minecraft:tall_grass":1,"minecraft:stone":40},"minecraft:killed_by":{"minecraft:player":3},"minecraft:custom":{"minecraft:time_since_rest":3739,"minecraft:sprint_one_cm":18669,"minecraft:damage_taken":857,"minecraft:walk_one_cm":23646,"minecraft:mob_kills":6,"minecraft:drop":6,"minecraft:damage_dealt":780,"minecraft:swim_one_cm":4526,"minecraft:interact_with_crafting_table":6,"minecraft:fly_one_cm":23268,"minecraft:player_kills":1,"minecraft:crouch_one_cm":4603,"minecraft:play_time":13791,"minecraft:deaths":3,"minecraft:sneak_time":2003,"minecraft:walk_under_water_one_cm":6387,"minecraft:jump":153,"minecraft:leave_game":7,"minecraft:time_since_death":3713,"minecraft:walk_on_water_one_cm":3861,"minecraft:total_world_time":13791,"minecraft:fall_one_cm":4333},"minecraft:crafted":{"minecraft:oak_planks":84,"minecraft:crafting_table":2,"minecraft:stick":4,"minecraft:wooden_pickaxe":1,"minecraft:wooden_axe":2,"minecraft:furnace":1}},"DataVersion":3120}